playerID,yearID,stint,teamID,lgID,G,AB,R,H,2B,3B,HR,RBI,SB,CS,BB,SO,IBB,HBP,SH,SF,GIDP
abercda01,1871,1,TRO,NA,1,4,0,0,0,0,0,0,0,0,0,0,,,,,0
addybo01,1871,1,RC1,NA,25,118,30,32,6,0,0,13,8,1,4,0,,,,,0
allisar01,1871,1,CL1,NA,29,137,28,40,4,5,0,19,3,1,2,5,,,,,1
allisdo01,1871,1,WS3,NA,27,133,28,44,10,2,2,27,1,1,0,2,,,,,0
ansonca01,1871,1,RC1,NA,25,120,29,39,11,3,0,16,6,2,2,1,,,,,0
armstbo01,1871,1,FW1,NA,12,49,9,11,2,1,0,5,0,1,0,1,,,,,0
barkeal01,1871,1,RC1,NA,1,4,0,1,0,0,0,2,0,0,1,0,,,,,0
barnero01,1871,1,BS1,NA,31,157,66,63,10,9,0,34,11,6,13,1,,,,,1
barrebi01,1871,1,FW1,NA,1,5,1,1,1,0,0,1,0,0,0,0,,,,,0
barrofr01,1871,1,BS1,NA,18,86,13,13,2,1,0,11,1,0,0,0,,,,,0
bassjo01,1871,1,CL1,NA,22,89,18,27,1,10,3,18,0,1,3,4,,,,,0
battijo01,1871,1,CL1,NA,1,3,0,0,0,0,0,0,0,0,1,0,,,,,0
bealsto01,1871,1,WS3,NA,10,36,6,7,0,0,0,1,2,0,2,0,,,,,2
beaveed01,1871,1,TRO,NA,3,15,7,6,0,0,0,5,2,0,0,0,,,,,0
bechtge01,1871,1,PH1,NA,20,94,24,33,9,1,1,21,4,0,2,2,,,,,1
bellast01,1871,1,TRO,NA,29,128,26,32,3,3,0,23,4,4,9,2,,,,,2
berkena01,1871,1,PH1,NA,1,4,0,0,0,0,0,0,0,0,0,3,,,,,0
berryto01,1871,1,PH1,NA,1,4,0,1,0,0,0,0,0,0,0,0,,,,,0
berthha01,1871,1,WS3,NA,17,73,17,17,1,1,0,8,3,1,4,2,,,,,0
biermch01,1871,1,FW1,NA,1,2,0,0,0,0,0,0,0,0,1,0,,,,,0
birdge01,1871,1,RC1,NA,25,106,19,28,2,5,0,13,1,0,3,2,,,,,3
birdsda01,1871,1,BS1,NA,29,152,51,46,3,3,0,24,6,0,4,4,,,,,1
brainas01,1871,1,WS3,NA,30,134,24,30,4,0,0,21,4,0,7,2,,,,,1
brannmi01,1871,1,CH1,NA,3,14,2,1,0,0,0,0,0,0,0,0,,,,,0
burrohe01,1871,1,WS3,NA,12,63,11,15,2,3,1,14,0,0,1,1,,,,,0
careyto01,1871,1,FW1,NA,19,87,16,20,2,0,0,10,5,0,2,1,,,,,0
carleji01,1871,1,CL1,NA,29,127,31,32,8,1,0,18,2,1,8,3,,,,,3
conefr01,1871,1,BS1,NA,19,77,17,20,3,1,0,16,12,1,8,2,,,,,1
connone01,1871,1,TRO,NA,7,33,6,7,0,0,0,2,0,0,0,0,,,,,0
cravebi01,1871,1,TRO,NA,27,118,26,38,8,1,0,26,6,3,3,0,,,,,3
cuthbne01,1871,1,PH1,NA,28,150,47,37,7,5,3,30,16,2,10,2,,,,,1
deaneha01,1871,1,FW1,NA,6,22,3,4,0,1,0,2,0,0,2,0,,,,,0
donnepe01,1871,1,FW1,NA,9,34,7,7,1,1,0,3,0,0,1,2,,,,,0
duffyed01,1871,1,CH1,NA,26,121,30,28,5,0,0,15,11,4,3,2,,,,,0
eggleda01,1871,1,NY2,NA,33,147,37,47,7,3,0,18,14,3,4,3,,,,,0
ewellge01,1871,1,CL1,NA,1,3,0,0,0,0,0,0,0,0,0,0,,,,,0
fergubo01,1871,1,NY2,NA,33,158,30,38,6,1,0,25,4,4,3,2,,,,,0
fishech01,1871,1,RC1,NA,25,123,24,28,3,3,1,22,1,2,3,1,,,,,2
fislewe01,1871,1,PH1,NA,28,147,43,41,8,2,0,16,6,3,3,2,,,,,1
fleetfr01,1871,1,NY2,NA,1,6,1,2,0,0,0,1,0,0,0,0,,,,,0
flowedi01,1871,1,TRO,NA,21,105,39,33,5,4,0,18,8,2,4,0,,,,,0
flynncl01,1871,1,TRO,NA,29,142,43,48,6,1,0,27,3,3,4,2,,,,,1
foleyto01,1871,1,CH1,NA,18,84,18,22,3,1,0,13,1,4,3,2,,,,,0
foranji01,1871,1,FW1,NA,19,89,21,31,1,3,1,18,1,0,2,1,,,,,2
forceda01,1871,1,WS3,NA,32,162,45,45,9,4,0,29,8,0,4,0,,,,,1
fulmech01,1871,1,RC1,NA,16,63,11,17,1,3,0,3,0,0,5,1,,,,,0
glennjo01,1871,1,WS3,NA,26,120,25,37,3,2,0,21,1,1,3,1,,,,,2
goldswa01,1871,1,FW1,NA,19,88,8,18,1,0,0,12,0,0,4,2,,,,,0
gouldch01,1871,1,BS1,NA,31,151,38,43,9,2,2,32,6,2,3,1,,,,,1
hallge01,1871,1,WS3,NA,32,136,31,40,3,3,2,17,2,1,8,0,,,,,0
halliji01,1871,1,FW1,NA,5,25,7,5,0,0,0,2,1,1,2,0,,,,,0
hamra01,1871,1,RC1,NA,25,113,25,28,4,0,0,12,6,2,1,7,,,,,0
hastisc01,1871,1,RC1,NA,25,118,27,30,6,4,0,20,11,2,2,4,,,,,0
hatfijo01,1871,1,NY2,NA,33,168,41,43,3,2,0,22,10,3,4,0,,,,,0
heubege01,1871,1,PH1,NA,17,75,18,23,4,2,0,13,1,0,2,0,,,,,0
highadi01,1871,1,NY2,NA,21,94,21,34,3,1,0,9,3,2,2,0,,,,,0
hodesch01,1871,1,CH1,NA,28,130,32,36,4,1,2,25,3,0,7,0,,,,,0
jackssa01,1871,1,BS1,NA,16,76,17,17,5,3,0,11,0,1,1,4,,,,,1
johnsca01,1871,1,CL1,NA,16,67,10,15,1,0,0,7,1,0,0,1,,,,,0
kellybi01,1871,1,FW1,NA,18,67,16,15,1,1,0,7,0,0,6,1,,,,,0
kimbage01,1871,1,CL1,NA,29,131,18,25,1,0,0,9,5,1,3,2,,,,,2
kingma01,1871,1,CH1,NA,20,101,23,21,1,0,2,16,5,0,8,1,,,,,0
kingst01,1871,1,TRO,NA,29,144,45,57,10,6,0,34,3,3,1,1,,,,,0
kohlehe01,1871,1,FW1,NA,3,12,0,2,1,0,0,1,0,0,0,0,,,,,0
lennobi01,1871,1,FW1,NA,12,48,5,11,3,0,0,5,1,0,1,0,,,,,1
leonaan01,1871,1,WS3,NA,31,148,33,43,8,3,0,30,14,3,3,1,,,,,2
mackde01,1871,1,RC1,NA,25,122,34,30,7,1,0,17,12,0,8,7,,,,,0
malonfe01,1871,1,PH1,NA,27,134,33,46,7,1,1,33,9,3,9,4,,,,,1
mathebo01,1871,1,FW1,NA,19,89,15,24,3,1,0,10,2,1,2,0,,,,,1
mcatebu01,1871,1,CH1,NA,26,135,34,37,8,2,0,10,5,3,5,2,,,,,2
mcbridi01,1871,1,PH1,NA,25,132,36,31,3,0,0,17,4,0,7,1,,,,,1
mcderjo01,1871,1,FW1,NA,2,8,3,2,0,0,0,1,1,0,1,1,,,,,0
mcgeami01,1871,1,TRO,NA,29,148,42,39,4,0,0,12,20,4,6,0,,,,,0
mcmuljo01,1871,1,TRO,NA,29,136,38,38,0,5,0,32,11,1,8,6,,,,,2
mcveyca01,1871,1,BS1,NA,29,153,43,66,9,5,0,43,6,0,1,2,,,,,0
meyerle01,1871,1,PH1,NA,26,130,45,64,9,3,4,40,4,0,2,1,,,,,0
millsch01,1871,1,NY2,NA,32,146,27,36,4,3,0,22,2,0,1,0,,,,,3
millsev01,1871,1,WS3,NA,32,157,38,43,6,4,1,24,2,3,3,1,,,,,2
minched01,1871,1,FW1,NA,9,36,4,8,0,0,0,5,1,0,0,0,,,,,0
nortofr01,1871,1,WS3,NA,1,1,0,0,0,0,0,0,0,0,0,1,,,,,0
paborch01,1871,1,CL1,NA,29,142,24,42,2,4,0,18,1,0,1,3,,,,,2
patteda01,1871,1,NY2,NA,32,151,31,31,2,0,0,13,2,1,1,0,,,,,3
pearcdi01,1871,1,NY2,NA,33,163,31,44,5,0,0,20,0,0,4,1,,,,,1
phelpne01,1871,1,FW1,NA,1,3,0,0,0,0,0,0,0,0,1,0,,,,,0
pikeli01,1871,1,TRO,NA,28,130,43,49,10,7,4,39,3,2,5,7,,,,,2
pinkhed01,1871,1,CH1,NA,24,95,27,25,5,5,1,17,5,2,18,3,,,,,1
prattal01,1871,1,CL1,NA,29,130,31,34,6,8,0,20,1,0,1,0,,,,,2
prattto01,1871,1,PH1,NA,1,6,2,2,0,0,0,1,0,0,0,0,,,,,0
questjo01,1871,1,CL1,NA,3,13,1,3,1,0,0,2,0,0,1,0,,,,,0
quinnpa02,1871,1,FW1,NA,5,17,8,4,0,0,0,2,3,1,4,0,,,,,0
radcljo01,1871,1,PH1,NA,28,145,47,44,7,5,0,22,5,1,6,1,,,,,3
reachal01,1871,1,PH1,NA,26,133,43,47,7,6,0,34,2,0,5,6,,,,,0
sagerpo01,1871,1,RC1,NA,8,39,9,11,0,0,0,5,5,1,2,2,,,,,1
schafha01,1871,1,BS1,NA,31,149,38,42,7,5,0,28,13,4,3,1,,,,,2
selmafr01,1871,1,FW1,NA,14,65,14,15,3,0,1,10,1,0,4,0,,,,,0
senseco01,1871,1,PH1,NA,25,127,38,41,5,2,0,23,5,3,0,1,,,,,0
simmojo01,1871,1,CH1,NA,27,129,29,28,6,1,0,17,4,1,1,0,,,,,2
smithch01,1871,1,NY2,NA,14,72,15,19,2,1,0,5,6,0,1,1,,,,,0
spaldal01,1871,1,BS1,NA,31,144,43,39,10,1,1,31,2,0,8,1,,,,,0
startjo01,1871,1,NY2,NA,33,161,35,58,5,1,1,34,4,2,3,0,,,,,0
stearbi01,1871,1,WS3,NA,2,9,1,0,0,0,0,1,0,0,2,2,,,,,0
stirega01,1871,1,RC1,NA,25,110,23,30,4,6,2,24,3,0,7,5,,,,,2
suttoez01,1871,1,CL1,NA,29,128,35,45,3,7,3,23,3,1,1,0,,,,,1
sweasch01,1871,1,WS3,NA,5,19,5,4,1,0,0,4,0,0,1,0,,,,,0
treacfr01,1871,1,CH1,NA,25,124,39,42,7,5,4,33,13,5,2,5,,,,,1
waterfr01,1871,1,WS3,NA,32,158,46,50,7,4,0,17,11,3,10,0,,,,,1
whitede01,1871,1,CL1,NA,29,146,40,47,6,5,1,21,2,2,4,1,,,,,0
whiteel01,1871,1,CL1,NA,15,70,13,18,2,0,0,9,0,1,1,6,,,,,1
whitewa01,1871,1,WS3,NA,1,4,0,0,0,0,0,0,0,0,0,0,,,,,0
woltery01,1871,1,NY2,NA,32,138,33,51,6,9,0,44,1,0,10,8,,,,,0
woodji01,1871,1,CH1,NA,28,135,45,51,10,6,1,29,18,2,11,3,,,,,0
wrighge01,1871,1,BS1,NA,16,80,33,33,7,5,0,11,9,1,6,1,,,,,1
wrighha01,1871,1,BS1,NA,31,147,42,44,5,2,0,26,7,1,13,2,,,,,0
yorkto01,1871,1,TRO,NA,29,145,36,37,5,7,2,23,2,2,9,1,,,,,0
zettlge01,1871,1,CH1,NA,28,128,23,32,3,0,0,18,4,0,2,4,,,,,0
allenha01,1872,1,MID,NA,17,70,9,19,3,0,0,11,0,0,0,1,,,,,0
allisan01,1872,1,BR1,NA,22,92,9,15,2,0,0,10,0,0,1,2,,,,,0
allisar01,1872,1,CL1,NA,19,87,13,23,4,0,0,8,0,0,0,2,,,,,1
allisbi01,1872,1,BR1,NA,5,19,5,3,0,0,0,1,0,0,0,1,,,,,1
allisdo01,1872,1,TRO,NA,23,114,23,35,4,2,0,20,1,1,1,3,,,,,2
allisdo01,1872,2,BR1,NA,18,83,18,28,2,1,0,4,0,0,1,5,,,,,0
ansonca01,1872,1,PH1,NA,46,217,60,90,10,7,0,48,6,6,16,3,,,,,2
arnolbi01,1872,1,MID,NA,2,7,2,1,0,0,0,0,1,0,0,0,,,,,0
barloto01,1872,1,BR2,NA,37,171,34,54,1,0,0,8,7,5,3,2,,,,,0
barnero01,1872,1,BS1,NA,45,230,81,99,28,2,1,44,12,2,9,4,,,,,3
barre01,1872,1,BR2,NA,8,34,6,7,1,0,0,2,1,0,0,1,,,,,0
barrebi01,1872,1,WS3,NA,1,4,0,0,0,0,0,0,0,0,0,0,,,,,0
bassjo01,1872,1,BR2,NA,2,7,0,1,1,0,0,1,0,0,0,0,,,,,0
bealsto01,1872,1,WS3,NA,9,36,6,11,1,1,0,5,0,0,1,1,,,,,0
beaveed01,1872,1,BR2,NA,10,43,6,9,2,0,0,2,0,0,1,0,,,,,0
bechtge01,1872,1,NY2,NA,51,247,61,74,11,3,0,42,9,1,7,3,,,,,2
bellast01,1872,1,TRO,NA,23,115,22,30,4,0,0,17,1,0,0,0,,,,,2
bentlcy01,1872,1,MID,NA,23,114,23,25,3,4,1,11,1,2,1,2,,,,,2
besti01,1872,1,BR1,NA,4,14,0,4,0,0,0,0,0,0,0,0,,,,,0
bielaos01,1872,1,WS4,NA,10,46,13,8,0,0,0,3,0,0,0,0,,,,,0
birdsda01,1872,1,BS1,NA,16,76,11,16,3,0,0,15,0,2,1,0,,,,,0
boothed01,1872,1,MID,NA,24,116,25,37,5,2,0,15,0,2,0,1,,,,,0
boothed01,1872,2,BR2,NA,15,62,10,19,4,0,0,7,0,2,0,0,,,,,1
boydbi01,1872,1,NY2,NA,36,170,27,44,6,1,1,32,4,2,6,7,,,,,1
brainas01,1872,1,WS3,NA,9,43,8,16,3,0,0,6,0,0,0,0,,,,,0
brainas01,1872,2,MID,NA,6,25,2,5,0,0,0,1,0,0,1,0,,,,,0
brittji01,1872,1,BR2,NA,37,155,26,41,7,0,0,11,0,1,5,5,,,,,0
brownol01,1872,1,BR2,NA,4,15,0,2,0,0,0,0,0,0,0,1,,,,,0
burdoja01,1872,1,BR2,NA,37,174,27,47,3,0,0,14,0,1,1,1,,,,,1
burrohe01,1872,1,WS3,NA,2,7,1,1,0,0,0,0,0,0,1,0,,,,,0
buttefr01,1872,1,MID,NA,18,93,16,20,0,0,0,7,0,0,0,2,,,,,1
careyto01,1872,1,BL1,NA,42,196,42,57,7,0,2,27,4,1,2,2,,,,,1
carleji01,1872,1,CL1,NA,7,38,8,12,1,0,0,4,1,0,1,0,,,,,0
clappjo01,1872,1,MID,NA,19,97,30,27,7,1,1,16,2,1,1,0,,,,,0
clarede01,1872,1,BR2,NA,2,7,1,1,0,0,0,0,0,0,0,0,,,,,0
clintji01,1872,1,BR1,NA,25,98,11,24,4,1,0,6,0,1,0,3,,,,,1
coughde01,1872,1,WS4,NA,8,37,5,11,1,0,0,7,0,0,0,0,,,,,0
cravebi01,1872,1,BL1,NA,35,178,55,50,3,3,0,24,9,1,5,2,,,,,3
cummica01,1872,1,NY2,NA,55,249,37,52,9,3,0,26,0,1,4,14,,,,,2
cuthbne01,1872,1,PH1,NA,47,260,83,88,10,0,1,47,14,4,6,10,,,,,2
dehlmhe01,1872,1,BR2,NA,37,164,30,37,4,1,0,15,4,2,3,1,,,,,0
doschhe01,1872,1,BR2,NA,6,24,4,9,0,0,0,5,0,1,0,1,,,,,1
doylejo01,1872,1,WS4,NA,9,41,6,11,1,0,0,9,0,0,0,0,,,,,0
eggleda01,1872,1,NY2,NA,56,290,94,97,20,0,0,19,18,6,8,9,,,,,0
fergubo01,1872,1,BR2,NA,37,164,33,46,3,0,0,19,4,2,3,0,,,,,1
fieldge01,1872,1,MID,NA,18,86,17,19,3,1,0,14,0,0,0,2,,,,,1
fishech01,1872,1,BL1,NA,46,225,39,52,10,3,1,36,1,1,2,5,,,,,1
fislewe01,1872,1,PH1,NA,47,244,49,85,13,3,0,48,3,0,4,4,,,,,2
fleetfr01,1872,1,BR1,NA,13,53,9,12,1,0,0,6,1,0,0,2,,,,,0
fletcge01,1872,1,BR1,NA,2,8,1,2,0,0,0,1,0,0,0,1,,,,,0
flowedi01,1872,1,PH1,NA,3,15,1,4,0,0,0,4,0,0,2,2,,,,,0
flynncl01,1872,1,WS3,NA,9,40,4,9,1,0,0,2,0,0,0,0,,,,,0
forceda01,1872,1,TRO,NA,25,130,40,53,11,0,0,19,2,2,1,0,,,,,1
forceda01,1872,2,BL1,NA,19,95,29,41,2,2,0,14,5,0,1,0,,,,,0
fulmech01,1872,1,NY2,NA,36,165,29,50,1,1,1,15,1,1,3,3,,,,,1
galvijo01,1872,1,BR2,NA,1,4,0,0,0,0,0,0,0,0,0,0,,,,,0
gedneco01,1872,1,TRO,NA,9,47,14,20,3,0,3,18,1,0,0,0,,,,,0
gedneco01,1872,2,BR1,NA,18,71,5,13,1,0,0,6,2,2,0,3,,,,,0
glennjo01,1872,1,WS3,NA,9,39,6,6,0,0,0,3,0,1,1,0,,,,,1
glennjo01,1872,2,WS4,NA,1,4,0,2,0,0,0,0,0,0,0,0,,,,,0
goldswa01,1872,1,WS3,NA,9,41,4,10,2,0,0,5,0,0,0,0,,,,,0
gouldch01,1872,1,BS1,NA,45,212,40,54,9,8,0,32,0,0,2,3,,,,,1
hallge01,1872,1,BL1,NA,53,250,69,84,17,6,1,37,8,1,3,1,,,,,0
hallji01,1872,1,BR2,NA,13,57,9,18,0,1,0,6,0,0,1,1,,,,,1
hastisc01,1872,1,CL1,NA,22,115,34,45,4,0,0,16,5,1,3,2,,,,,0
hastisc01,1872,2,BL1,NA,13,62,16,19,3,1,0,4,0,1,1,2,,,,,0
hatfijo01,1872,1,NY2,NA,56,288,76,93,15,2,1,47,12,5,9,6,,,,,3
heubege01,1872,1,WS3,NA,5,23,2,3,0,0,0,1,0,0,0,0,,,,,1
hicksna01,1872,1,NY2,NA,56,267,54,82,12,2,0,32,3,0,6,3,,,,,7
higby01,1872,1,BR2,NA,1,4,0,0,0,0,0,0,0,0,0,0,,,,,0
highadi01,1872,1,BL1,NA,50,245,72,84,10,1,2,37,4,5,2,3,,,,,2
hinespa01,1872,1,WS4,NA,11,49,9,11,1,0,0,5,0,0,0,0,,,,,0
hodesch01,1872,1,TRO,NA,13,62,17,15,3,0,0,10,0,0,1,0,,,,,1
holdsji01,1872,1,CL1,NA,22,110,19,33,5,0,0,11,3,2,1,2,,,,,2
holdsji01,1872,2,BR1,NA,3,11,1,3,1,0,0,0,0,0,0,0,,,,,0
holliho01,1872,1,WS4,NA,9,44,12,14,1,1,0,6,0,0,1,0,,,,,0
huntdi01,1872,1,BR1,NA,11,46,10,15,1,1,0,4,0,1,1,0,,,,,1
hurledi01,1872,1,WS3,NA,2,7,0,0,0,0,0,0,0,0,0,1,,,,,0
jackssa01,1872,1,BR2,NA,4,12,0,2,0,0,0,0,0,0,0,0,,,,,0
jewetna01,1872,1,BR1,NA,2,8,1,1,0,0,0,0,0,0,0,0,,,,,0
kavan01,1872,1,BR1,NA,5,23,3,6,1,0,0,4,0,0,0,0,,,,,0
kennejo01,1872,1,BR2,NA,5,19,0,0,0,0,0,1,0,0,0,1,,,,,0
kingma01,1872,1,TRO,NA,3,11,0,0,0,0,0,1,0,0,0,1,,,,,0
kingst01,1872,1,TRO,NA,25,128,33,39,8,0,0,20,1,1,1,2,,,,,1
lennobi01,1872,1,WS4,NA,11,54,11,11,1,0,0,6,0,0,0,0,,,,,0
leonaan01,1872,1,BS1,NA,46,241,57,84,7,1,2,42,8,5,0,2,,,,,1
leutz01,1872,1,BR1,NA,4,12,2,1,0,0,0,0,0,0,0,0,,,,,0
lowech01,1872,1,BR2,NA,7,31,2,5,0,0,0,3,0,0,0,2,,,,,0
mackde01,1872,1,PH1,NA,47,205,68,59,9,1,0,34,9,5,23,9,,,,,1
malonfe01,1872,1,PH1,NA,41,213,46,60,5,3,0,39,3,0,4,5,,,,,1
malonma01,1872,1,BR1,NA,5,16,2,6,0,0,0,3,0,1,1,3,,,,,0
martial01,1872,1,BR1,NA,4,18,2,5,0,0,0,1,0,0,0,0,,,,,0
martiph01,1872,1,TRO,NA,25,119,27,36,2,1,0,14,0,0,0,1,,,,,0
martiph01,1872,2,BR1,NA,18,78,13,15,1,1,0,9,3,2,2,3,,,,,0
mathebo01,1872,1,BL1,NA,50,222,36,50,2,0,0,22,3,1,3,2,,,,,2
mcatebu01,1872,1,TRO,NA,25,126,30,28,3,1,0,15,0,2,3,2,,,,,2
mcbridi01,1872,1,PH1,NA,47,258,57,74,6,1,0,37,2,1,3,2,,,,,2
mccarfr01,1872,1,MID,NA,19,82,19,25,5,0,0,12,0,0,3,4,,,,,0
mcderjo01,1872,1,BR1,NA,7,32,3,9,3,0,0,3,0,0,1,3,,,,,1
mcdonja01,1872,1,BR2,NA,4,14,2,2,0,0,0,0,0,0,0,0,,,,,0
mcdonja01,1872,2,BR1,NA,1,4,0,0,0,0,0,0,0,0,0,0,,,,,1
mcdonja01,1872,3,BR2,NA,11,48,7,14,3,1,0,4,0,0,0,1,,,,,0
mcgeami01,1872,1,PH1,NA,47,225,68,81,9,2,0,35,13,8,2,1,,,,,0
mcmuljo01,1872,1,NY2,NA,54,236,47,60,6,1,0,24,8,2,11,6,,,,,4
mcveyca01,1872,1,BS1,NA,46,237,56,76,10,2,0,41,6,1,1,1,,,,,0
meyerle01,1872,1,PH1,NA,27,146,31,48,10,5,1,31,0,0,0,1,,,,,3
millejo01,1872,1,WS4,NA,1,4,0,1,0,0,0,0,0,0,0,0,,,,,0
millsch01,1872,1,NY2,NA,6,31,6,4,0,0,0,2,0,0,0,0,,,,,0
millsev01,1872,1,BL1,NA,55,266,55,79,14,2,0,34,0,2,3,2,,,,,1
minched01,1872,1,WS4,NA,11,53,5,5,0,0,0,4,0,0,0,1,,,,,0
mulle01,1872,1,CL1,NA,1,4,1,0,0,0,0,0,0,0,0,0,,,,,0
murnati01,1872,1,MID,NA,23,114,28,41,1,1,0,16,1,2,0,0,,,,,0
nelsoca01,1872,1,TRO,NA,4,20,2,7,0,0,0,4,0,0,0,2,,,,,0
nelsoca01,1872,2,BR1,NA,18,76,12,19,5,1,0,9,1,0,2,3,,,,,0
orour01,1872,1,BR1,NA,1,4,0,0,0,0,0,0,0,0,0,0,,,,,0
orourji01,1872,1,MID,NA,23,99,25,27,5,0,0,16,1,0,4,0,,,,,1
paborch01,1872,1,CL1,NA,21,92,12,19,0,0,0,7,0,0,0,0,,,,,0
patteda01,1872,1,BR1,NA,12,47,6,10,1,0,0,3,0,3,0,2,,,,,2
pearcdi01,1872,1,NY2,NA,44,206,32,39,2,1,1,22,1,1,4,1,,,,,2
pikeli01,1872,1,BL1,NA,56,285,68,85,15,5,7,60,10,1,4,6,,,,,0
prattal01,1872,1,CL1,NA,16,65,10,18,0,1,0,12,0,0,0,1,,,,,0
radcljo01,1872,1,BL1,NA,56,297,70,86,13,4,1,44,3,3,0,2,,,,,0
reachal01,1872,1,PH1,NA,24,118,21,23,0,0,0,10,1,1,4,0,,,,,0
reachbo01,1872,1,WS3,NA,2,8,1,2,0,0,0,0,0,0,0,0,,,,,0
remseja01,1872,1,BR2,NA,37,165,25,39,3,5,1,14,1,2,2,6,,,,,1
robinva01,1872,1,WS3,NA,7,30,6,6,0,0,0,4,0,0,1,1,,,,,1
rogerfr01,1872,1,BS1,NA,45,204,39,56,7,1,1,28,2,0,1,4,,,,,2
schafha01,1872,1,BS1,NA,48,226,51,65,10,4,1,35,3,0,0,8,,,,,1
selmafr01,1872,1,WS3,NA,9,42,3,10,2,0,0,1,0,2,0,1,,,,,1
senseco01,1872,1,PH1,NA,1,5,2,2,0,0,0,1,0,1,0,0,,,,,0
simmojo01,1872,1,CL1,NA,18,90,11,23,5,1,0,9,1,0,1,2,,,,,1
snydeji01,1872,1,BR1,NA,25,103,16,30,2,3,0,11,0,2,0,1,,,,,1
snydejo01,1872,1,BR1,NA,9,37,4,6,2,0,0,1,0,0,1,3,,,,,0
spaldal01,1872,1,BS1,NA,48,237,60,84,12,5,0,47,3,0,3,1,,,,,1
spenc01,1872,1,WS4,NA,1,4,1,0,0,0,0,0,0,0,0,0,,,,,0
startjo01,1872,1,NY2,NA,54,277,60,75,5,0,0,48,3,3,0,0,,,,,0
stearbi01,1872,1,WS4,NA,11,45,8,11,1,0,0,4,0,0,0,0,,,,,0
studlse01,1872,1,WS4,NA,5,21,3,2,0,0,0,2,0,0,0,1,,,,,0
suttoez01,1872,1,CL1,NA,22,107,30,30,6,1,0,10,1,0,1,1,,,,,1
swandma01,1872,1,BR1,NA,14,52,8,12,1,0,0,4,0,1,4,1,,,,,1
sweasch01,1872,1,CL1,NA,12,57,8,16,0,0,0,6,1,0,2,1,,,,,0
thakeal01,1872,1,BR2,NA,18,78,14,23,2,2,0,15,2,0,0,2,,,,,1
tippeji01,1872,1,MID,NA,24,110,24,29,4,0,0,18,0,0,0,1,,,,,1
treacfr01,1872,1,PH1,NA,47,236,53,65,7,3,2,31,7,5,5,10,,,,,0
waterfr01,1872,1,WS3,NA,9,45,13,17,1,2,0,6,0,0,0,0,,,,,0
whitede01,1872,1,CL1,NA,22,109,21,37,2,2,0,22,0,0,4,1,,,,,0
whitewa01,1872,1,WS4,NA,10,45,7,12,0,0,0,4,0,0,0,0,,,,,0
woltery01,1872,1,CL1,NA,16,69,7,16,1,0,0,11,0,0,4,1,,,,,2
woodji01,1872,1,TRO,NA,25,113,40,38,11,4,2,26,0,0,2,1,,,,,0
woodji01,1872,2,BR1,NA,7,31,10,6,1,1,0,0,1,0,4,1,,,,,0
worthhe01,1872,1,BR2,NA,1,5,1,1,1,0,0,1,0,0,0,0,,,,,0
wrighge01,1872,1,BS1,NA,48,255,87,86,16,6,2,35,14,4,3,1,,,,,0
wrighha01,1872,1,BS1,NA,48,208,39,53,5,1,0,24,0,0,9,2,,,,,0
yeatmbi01,1872,1,WS4,NA,1,4,0,0,0,0,0,0,0,0,0,1,,,,,0
yorkto01,1872,1,BL1,NA,51,250,66,66,10,4,0,40,6,1,3,1,,,,,0
zettlge01,1872,1,TRO,NA,25,114,25,29,9,0,0,21,0,1,0,2,,,,,1
zettlge01,1872,2,BR1,NA,9,34,1,3,0,0,0,1,0,0,0,2,,,,,0
addybo01,1873,1,PH2,NA,10,51,12,16,1,0,0,10,1,1,2,0,,,,,0
addybo01,1873,2,BS1,NA,31,152,37,54,6,3,1,32,6,5,2,1,,,,,0
allisar01,1873,1,ELI,NA,23,100,12,32,2,0,0,11,0,0,0,2,,,,,0
allisdo01,1873,1,ELI,NA,19,80,11,24,6,0,0,8,0,0,2,1,,,,,1
allisdo01,1873,2,NY2,NA,11,48,6,10,0,0,0,3,0,0,1,0,,,,,1
ansonca01,1873,1,PH1,NA,52,254,53,101,9,2,0,36,1,2,5,2,,,,,2
atkined01,1873,1,WS5,NA,2,8,2,0,0,0,0,0,0,0,0,0,,,,,0
austihe01,1873,1,ELI,NA,23,101,10,25,3,3,0,11,1,1,0,5,,,,,3
barloto01,1873,1,BR2,NA,55,269,48,74,0,2,1,12,3,4,5,1,,,,,2
barnero01,1873,1,BS1,NA,60,320,125,138,31,11,2,60,43,6,20,2,,,,,1
barrebi01,1873,1,BL1,NA,1,4,0,1,0,0,0,0,0,1,0,0,,,,,0
battijo01,1873,1,PH1,NA,1,5,4,3,0,0,0,2,0,0,1,0,,,,,0
bealsto01,1873,1,WS5,NA,37,169,35,46,9,5,0,22,3,0,1,1,,,,,0
bechtge01,1873,1,PH2,NA,53,258,53,63,12,1,1,39,2,1,9,1,,,,,3
bellast01,1873,1,NY2,NA,8,32,4,7,2,0,0,3,0,0,2,0,,,,,0
bielaos01,1873,1,WS5,NA,38,173,35,49,3,2,0,20,1,3,4,6,,,,,0
birdsda01,1873,1,BS1,NA,3,11,4,1,0,0,0,0,1,0,2,0,,,,,0
boothed01,1873,1,ELI,NA,18,74,11,21,5,2,0,6,0,0,0,1,,,,,0
boothed01,1873,2,BR2,NA,16,70,8,14,3,1,0,7,0,1,2,0,,,,,0
boydbi01,1873,1,BR2,NA,48,228,31,63,5,4,1,30,1,1,2,4,,,,,1
brainas01,1873,1,BL1,NA,16,69,18,18,1,0,0,9,0,0,0,2,,,,,0
brittji01,1873,1,BR2,NA,54,240,29,47,3,0,0,13,1,1,8,14,,,,,0
burdoja01,1873,1,BR2,NA,55,245,56,62,7,1,2,36,3,2,7,4,,,,,2
campbhu01,1873,1,ELI,NA,20,86,9,13,0,1,0,7,1,1,1,1,,,,,0
campbmi02,1873,1,ELI,NA,21,84,9,12,2,0,0,2,1,0,2,6,,,,,0
careyto01,1873,1,BL1,NA,56,291,76,98,18,3,1,55,2,3,1,4,,,,,2
clappjo01,1873,1,PH1,NA,45,204,36,62,10,2,1,27,4,5,2,2,,,,,2
clintji01,1873,1,ELI,NA,9,39,5,9,2,0,0,4,0,0,0,2,,,,,0
cranefr01,1873,1,ELI,NA,1,4,0,1,0,0,0,1,0,0,0,0,,,,,0
cravebi01,1873,1,BL1,NA,41,197,45,57,9,3,0,26,5,4,2,3,,,,,1
cummica01,1873,1,BL1,NA,42,192,30,48,5,0,0,36,1,0,5,5,,,,,1
cuthbne01,1873,1,PH2,NA,51,279,78,77,5,3,2,34,14,2,2,4,,,,,0
dehlmhe01,1873,1,BR2,NA,54,219,50,52,5,1,0,18,5,0,11,9,,,,,1
devliji01,1873,1,PH2,NA,23,99,18,24,4,4,0,10,0,0,2,4,,,,,1
donnejo01,1873,1,WS5,NA,30,137,15,35,2,0,0,19,0,0,1,0,,,,,1
doschhe01,1873,1,BR2,NA,1,6,1,1,0,0,0,1,0,0,0,0,,,,,0
eggleda01,1873,1,NY2,NA,53,266,82,90,13,4,0,35,3,2,6,2,,,,,1
eland01,1873,1,BL4,NA,1,3,0,0,0,0,0,0,0,0,0,0,,,,,0
farrojo01,1873,1,ELI,NA,12,48,2,8,1,0,0,3,0,0,0,3,,,,,1
fergubo01,1873,1,BR2,NA,51,228,36,59,3,5,0,25,1,2,4,8,,,,,3
fishech01,1873,1,PH1,NA,51,253,50,66,4,3,1,37,2,2,4,5,,,,,3
fislewe01,1873,1,PH1,NA,44,218,44,75,11,4,1,41,3,1,2,2,,,,,2
fleetfr01,1873,1,ELI,NA,22,89,11,23,3,0,0,10,0,2,1,3,,,,,0
forceda01,1873,1,BL1,NA,49,233,77,85,10,1,0,30,1,0,9,1,,,,,0
frencbi01,1873,1,BL4,NA,5,18,3,4,0,0,0,1,0,0,0,0,,,,,0
fulmech01,1873,1,PH2,NA,49,236,42,66,11,3,1,38,3,1,2,4,,,,,3
gedneco01,1873,1,NY2,NA,53,225,41,60,5,5,1,24,1,0,6,4,,,,,3
gerhajo01,1873,1,WS5,NA,13,57,6,12,3,0,0,9,0,1,0,6,,,,,0
glennjo01,1873,1,WS5,NA,39,186,39,49,9,2,1,22,3,1,3,0,,,,,4
goldswa01,1873,1,BL4,NA,1,4,0,0,0,0,0,0,0,0,0,0,,,,,0
greasjo01,1873,1,WS5,NA,7,27,4,4,0,0,0,1,1,0,1,1,,,,,0
hallge01,1873,1,BL1,NA,35,168,44,58,6,4,0,31,0,0,2,1,,,,,1
hastisc01,1873,1,BL1,NA,30,145,41,41,4,0,0,15,4,2,4,1,,,,,1
hatfijo01,1873,1,NY2,NA,52,255,54,78,5,6,2,46,2,0,3,2,,,,,2
hicksna01,1873,1,NY2,NA,28,120,12,29,1,2,1,14,2,1,8,0,,,,,0
highadi01,1873,1,NY2,NA,49,244,57,77,5,4,0,34,2,2,2,1,,,,,1
hinespa01,1873,1,WS5,NA,39,181,33,60,6,3,1,29,0,1,1,2,,,,,1
holdsji01,1873,1,NY2,NA,53,232,46,75,4,8,0,28,1,0,0,4,,,,,3
holliho01,1873,1,WS5,NA,30,136,25,35,2,2,0,22,0,0,0,5,,,,,1
hoopemi01,1873,1,BL4,NA,3,14,3,3,1,0,0,2,0,0,0,0,,,,,0
johnsto01,1873,1,BL4,NA,1,4,0,0,0,0,0,0,0,0,0,0,,,,,1
jones01,1873,1,BL4,NA,1,4,0,3,0,0,0,1,0,0,0,0,,,,,0
kernajo01,1873,1,BL4,NA,2,8,1,3,0,0,0,1,0,0,0,0,,,,,0
kesslhe01,1873,1,BR2,NA,1,5,0,1,0,0,0,1,0,0,0,0,,,,,0
kohlehe01,1873,1,BL4,NA,6,25,2,3,0,0,0,1,0,0,0,1,,,,,0
laughbe01,1873,1,ELI,NA,12,51,3,12,0,0,0,5,0,0,0,1,,,,,1
lennobi01,1873,1,BL4,NA,5,19,2,4,0,0,0,2,0,0,0,0,,,,,0
leonaan01,1873,1,BS1,NA,58,300,81,96,13,6,0,60,27,9,2,0,,,,,4
lovetle01,1873,1,ELI,NA,1,5,1,2,0,0,0,1,0,0,0,0,,,,,0
mackde01,1873,1,PH2,NA,48,205,55,60,5,0,0,19,6,2,15,9,,,,,0
malonfe01,1873,1,PH2,NA,53,259,59,75,11,2,0,41,6,1,14,7,,,,,2
mannija01,1873,1,BS1,NA,31,154,28,41,4,1,0,21,5,2,1,14,,,,,3
martiph01,1873,1,NY2,NA,31,140,12,31,1,0,0,14,1,1,0,4,,,,,3
mathebo01,1873,1,NY2,NA,52,223,40,43,3,3,0,14,1,1,10,3,,,,,2
mcbridi01,1873,1,PH1,NA,49,253,41,71,7,0,0,40,1,0,2,0,,,,,4
mcdoo01,1873,1,BL4,NA,1,4,1,0,0,0,0,0,0,0,0,0,,,,,0
mcgeami01,1873,1,PH1,NA,52,275,63,83,8,1,0,31,4,6,1,1,,,,,0
mcmuljo01,1873,1,PH1,NA,52,227,54,62,7,1,0,28,9,1,8,4,,,,,2
mcveyca01,1873,1,BL1,NA,38,192,49,73,5,5,2,35,2,1,3,2,,,,,1
meyerle01,1873,1,PH2,NA,48,238,53,83,14,4,3,59,5,0,2,0,,,,,3
millsev01,1873,1,BL1,NA,54,262,64,87,20,9,0,56,1,0,2,1,,,,,2
murnati01,1873,1,PH1,NA,41,176,53,39,2,1,1,10,8,2,8,13,,,,,1
nelsoca01,1873,1,NY2,NA,36,168,28,55,4,1,0,22,2,0,1,2,,,,,1
nevinal01,1873,1,ELI,NA,13,55,7,11,1,2,0,1,0,0,1,4,,,,,1
orourji01,1873,1,BS1,NA,57,280,79,98,21,2,1,49,9,5,15,3,,,,,1
paborch01,1873,1,BR2,NA,55,228,36,82,9,3,0,41,2,0,6,3,,,,,1
pearcdi01,1873,1,BR2,NA,55,262,42,72,6,0,1,23,3,0,8,2,,,,,7
phelpne01,1873,1,NY2,NA,1,6,0,0,0,0,0,0,0,0,0,0,,,,,0
pikeli01,1873,1,BL1,NA,56,285,71,90,15,8,4,51,8,1,8,4,,,,,0
popplge01,1873,1,BL4,NA,1,4,0,0,0,0,0,0,0,0,0,0,,,,,0
radcljo01,1873,1,BL1,NA,45,244,59,70,5,0,0,33,0,0,4,2,,,,,2
reachal01,1873,1,PH1,NA,16,73,13,16,5,1,0,9,2,0,0,0,,,,,0
reachbo01,1873,1,WS5,NA,1,5,1,1,0,0,0,0,0,0,0,0,,,,,0
remseja01,1873,1,BR2,NA,50,207,29,61,5,6,1,29,1,2,2,2,,,,,0
rogerfr01,1873,1,BS1,NA,2,11,2,4,1,0,0,3,0,0,0,2,,,,,0
ryanjo01,1873,1,PH2,NA,2,8,1,2,0,0,0,1,0,0,0,0,,,,,0
saylo01,1873,1,BL4,NA,3,12,1,2,0,0,0,2,0,0,0,0,,,,,0
schafha01,1873,1,BS1,NA,60,296,65,79,12,2,2,42,14,7,3,4,,,,,3
selmafr01,1873,1,BL4,NA,1,3,1,1,0,0,0,0,0,0,0,0,,,,,0
senseco01,1873,1,PH1,NA,20,86,12,24,1,0,0,8,0,2,0,2,,,,,0
sheppjo01,1873,1,BL4,NA,3,11,1,0,0,0,0,0,0,0,0,1,,,,,0
simpsma01,1873,1,BL4,NA,4,15,4,2,0,0,0,2,0,0,0,0,,,,,0
smithbi01,1873,1,BL4,NA,6,23,2,4,0,0,0,1,0,0,0,0,,,,,0
smithjo01,1873,1,BL4,NA,5,19,2,2,0,0,0,1,0,0,0,1,,,,,0
snydepo01,1873,1,WS5,NA,28,107,16,21,2,0,0,3,0,1,3,4,,,,,3
spaldal01,1873,1,BS1,NA,60,323,83,106,15,1,1,71,9,0,3,2,,,,,3
startjo01,1873,1,NY2,NA,53,252,42,67,8,3,1,29,1,0,4,0,,,,,1
stearbi01,1873,1,WS5,NA,32,133,22,24,0,0,0,8,1,0,4,9,,,,,0
strated01,1873,1,BL4,NA,4,16,2,2,0,0,0,0,0,0,0,0,,,,,0
suttoez01,1873,1,PH1,NA,51,243,51,81,7,6,0,34,2,3,2,2,,,,,4
swandma01,1873,1,ELI,NA,2,9,1,1,0,0,0,1,0,0,0,0,,,,,0
sweasch01,1873,1,BS1,NA,1,4,0,1,0,0,0,0,0,0,0,0,,,,,0
treacfr01,1873,1,PH2,NA,51,243,49,62,7,2,1,31,4,3,5,7,,,,,2
wallho01,1873,1,WS5,NA,1,3,1,1,0,0,0,0,0,0,1,0,,,,,0
waterfr01,1873,1,WS5,NA,15,80,20,28,1,1,0,12,0,0,1,1,,,,,0
whitede01,1873,1,BS1,NA,60,311,79,122,17,8,1,77,19,3,0,2,,,,,1
whitewa01,1873,1,WS5,NA,39,158,29,43,3,4,0,20,2,1,0,1,,,,,0
woltery01,1873,1,ELI,NA,1,4,1,0,0,0,0,0,0,0,0,0,,,,,0
woodhre01,1873,1,BL4,NA,1,5,1,0,0,0,0,0,0,0,0,0,,,,,0
woodji01,1873,1,PH2,NA,42,209,67,67,11,1,0,27,9,3,8,1,,,,,2
wordsfa01,1873,1,ELI,NA,12,40,5,10,0,0,0,3,1,0,2,1,,,,,0
wrighge01,1873,1,BS1,NA,59,323,99,125,17,7,3,43,9,9,9,2,,,,,0
wrighha01,1873,1,BS1,NA,58,263,57,68,7,3,2,36,3,2,11,4,,,,,3
yorkto01,1873,1,BL1,NA,57,278,70,84,11,7,2,50,4,1,3,4,,,,,0
zettlge01,1873,1,PH2,NA,51,241,39,50,2,0,0,21,4,0,1,4,,,,,3
addybo01,1874,1,HR1,NA,50,213,25,51,9,2,0,22,4,2,1,1,,,,,0
allisdo01,1874,1,NY2,NA,65,318,68,90,7,5,0,28,1,0,6,5,,,,,1
ansonca01,1874,1,PH1,NA,55,260,51,87,8,3,0,37,6,0,4,1,,,,,1
barloto01,1874,1,HR1,NA,32,155,37,46,5,1,0,12,17,4,2,2,,,,,0
barnero01,1874,1,BS1,NA,51,259,72,88,12,4,0,39,8,7,8,2,,,,,1
barnibi01,1874,1,HR1,NA,45,190,21,35,4,2,0,20,2,2,1,13,,,,,2
battijo01,1874,1,PH1,NA,51,226,40,52,11,1,0,27,3,2,1,7,,,,,1
bealsto01,1874,1,BS1,NA,19,97,20,19,3,4,0,17,0,1,0,2,,,,,0
bechtge01,1874,1,PH2,NA,32,151,29,42,4,5,1,34,0,0,2,1,,,,,0
bielaos01,1874,1,BL1,NA,43,187,24,45,0,0,0,8,3,1,2,4,,,,,2
boardfr01,1874,1,BL1,NA,1,4,0,1,0,0,0,0,0,0,0,0,,,,,0
bondto01,1874,1,BR2,NA,55,245,25,54,10,1,0,20,0,0,1,5,,,,,1
boothed01,1874,1,BR2,NA,44,185,24,47,4,3,1,16,0,0,3,3,,,,,2
boydbi01,1874,1,HR1,NA,26,117,22,41,8,4,0,19,1,0,1,2,,,,,0
bradyst01,1874,1,HR1,NA,27,118,19,37,5,1,0,14,1,2,2,10,,,,,2
brainas01,1874,1,BL1,NA,47,196,19,47,3,0,0,8,0,3,2,3,,,,,3
brown01,1874,1,BL1,NA,2,9,0,0,0,0,0,0,0,0,0,0,,,,,0
burdoja01,1874,1,NY2,NA,61,273,45,75,11,4,1,26,4,1,1,5,,,,,0
careyto01,1874,1,NY2,NA,64,287,56,82,10,3,1,38,3,0,2,4,,,,,1
carlle01,1874,1,BL1,NA,1,3,0,0,0,0,0,0,0,0,0,0,,,,,0
chapmja01,1874,1,BR2,NA,53,242,32,64,10,2,0,24,2,1,4,11,,,,,2
clackbo01,1874,1,BR2,NA,33,135,22,23,1,0,0,13,0,0,4,2,,,,,0
clappjo01,1874,1,PH1,NA,39,165,46,48,7,4,3,19,2,0,1,1,,,,,1
clintji01,1874,1,BR2,NA,2,11,3,2,1,0,0,2,0,0,0,2,,,,,0
collida01,1874,1,CH2,NA,3,12,1,1,1,0,0,0,1,0,0,2,,,,,0
connete01,1874,1,CH2,NA,1,4,0,0,0,0,0,0,0,0,0,0,,,,,0
cravebi01,1874,1,PH2,NA,55,265,68,91,19,11,0,56,11,3,4,2,,,,,2
cummica01,1874,1,PH2,NA,54,231,32,52,4,2,0,19,1,1,0,12,,,,,1
cuthbne01,1874,1,CH2,NA,58,295,65,79,6,1,2,24,8,0,5,5,,,,,3
deaneha01,1874,1,BL1,NA,47,203,29,50,8,1,0,13,2,1,4,3,,,,,1
dehlmhe01,1874,1,BR2,NA,53,218,40,49,3,1,0,18,2,0,7,5,,,,,0
devliji01,1874,1,CH2,NA,45,203,26,58,5,0,0,26,2,1,2,9,,,,,1
donnejo01,1874,1,PH2,NA,6,22,2,5,0,0,0,2,0,0,0,0,,,,,0
eggleda01,1874,1,PH2,NA,58,299,70,95,13,8,0,31,5,6,5,1,,,,,2
farreja01,1874,1,HR1,NA,3,13,3,5,0,0,0,0,0,0,1,0,,,,,0
farrojo01,1874,1,BR2,NA,27,122,16,26,3,0,0,10,0,0,1,1,,,,,2
fergubo01,1874,1,BR2,NA,56,245,34,64,4,0,0,19,5,3,2,7,,,,,2
fishech01,1874,1,HR1,NA,52,241,28,54,7,0,0,31,2,3,2,7,,,,,2
fislewe01,1874,1,PH1,NA,37,180,26,59,12,1,0,22,2,0,0,1,,,,,2
fleetfr01,1874,1,BR2,NA,22,97,18,22,0,0,0,10,1,0,1,1,,,,,0
forceda01,1874,1,CH2,NA,59,294,61,92,9,0,0,26,4,0,3,1,,,,,2
fulmech01,1874,1,PH2,NA,57,258,49,72,3,2,0,37,0,2,2,5,,,,,1
gaver01,1874,1,BR2,NA,1,4,1,0,0,0,0,0,0,0,0,0,,,,,0
gedneco01,1874,1,PH1,NA,54,222,49,61,4,1,1,34,2,2,7,11,,,,,2
geerbi01,1874,1,NY2,NA,2,8,0,2,0,0,0,1,0,0,0,0,,,,,0
gerhajo01,1874,1,BL1,NA,14,61,10,19,0,1,0,6,0,0,0,0,,,,,0
gilro01,1874,1,CH2,NA,8,38,4,8,1,0,0,7,0,0,1,3,,,,,0
glennjo01,1874,1,CH2,NA,55,237,33,67,9,0,0,32,2,2,5,4,,,,,0
gouldch01,1874,1,BL1,NA,33,143,19,32,6,0,0,14,1,0,2,2,,,,,3
hallge01,1874,1,BS1,NA,47,222,58,64,10,8,1,34,2,0,1,0,,,,,0
hallji01,1874,1,BR2,NA,2,9,0,1,0,0,0,0,0,0,0,0,,,,,0
hastisc01,1874,1,HR1,NA,52,247,60,80,11,2,0,30,10,5,4,3,,,,,1
hatfijo01,1874,1,NY2,NA,63,292,47,66,12,1,0,29,4,0,7,12,,,,,0
hicksna01,1874,1,PH2,NA,58,266,51,73,8,1,0,30,3,2,5,4,,,,,3
highadi01,1874,1,NY2,NA,65,333,58,87,14,3,1,38,5,3,4,0,,,,,0
hinespa01,1874,1,CH2,NA,59,271,47,80,10,2,0,34,4,1,4,4,,,,,1
hodesch01,1874,1,BR2,NA,21,81,8,12,3,0,0,7,0,0,0,2,,,,,2
holdsji01,1874,1,PH2,NA,57,285,60,97,8,9,0,37,1,2,1,0,,,,,2
jones01,1874,1,BL1,NA,2,7,0,1,0,0,0,1,0,0,0,0,,,,,0
kesslhe01,1874,1,BR2,NA,14,56,8,17,1,0,0,4,0,0,0,2,,,,,0
knowdja01,1874,1,BR2,NA,24,86,8,12,1,1,0,3,1,0,1,3,,,,,0
kohlehe01,1874,1,BL1,NA,2,4,0,0,0,0,0,0,0,0,0,0,,,,,0
ledwimi01,1874,1,BR2,NA,1,4,1,1,0,0,0,1,0,0,0,0,,,,,0
leonaan01,1874,1,BS1,NA,71,339,68,106,18,4,0,50,11,3,2,2,,,,,3
mackde01,1874,1,PH2,NA,56,246,48,51,8,4,0,22,4,0,2,3,,,,,2
malonfe01,1874,1,CH2,NA,47,223,33,56,5,0,0,28,2,1,4,0,,,,,1
mannija01,1874,1,BL1,NA,42,174,32,61,8,2,0,18,0,0,2,2,,,,,0
mannija01,1874,2,HR1,NA,1,5,1,1,0,0,0,0,0,0,0,0,,,,,0
martial01,1874,1,BR2,NA,7,29,1,4,0,0,0,1,0,0,0,1,,,,,1
mathebo01,1874,1,NY2,NA,65,298,46,72,6,1,0,30,2,0,3,4,,,,,0
mcbridi01,1874,1,PH1,NA,55,263,30,57,7,1,0,34,1,0,1,6,,,,,3
mcgeami01,1874,1,PH1,NA,54,271,61,87,10,2,0,22,10,2,1,2,,,,,0
mcgeepa01,1874,1,BR2,NA,16,65,4,11,1,0,0,6,0,0,0,3,,,,,0
mckenfr01,1874,1,PH2,NA,1,4,0,0,0,0,0,0,0,0,0,1,,,,,0
mcmuljo01,1874,1,PH1,NA,55,260,61,90,10,2,2,32,4,3,8,13,,,,,2
mcveyca01,1874,1,BS1,NA,70,343,91,123,21,6,3,71,5,0,1,3,,,,,1
meyerle01,1874,1,CH2,NA,53,254,65,100,19,1,1,45,3,1,3,4,,,,,2
milleto01,1874,1,PH1,NA,4,16,1,8,0,0,0,5,0,0,0,0,,,,,0
millsev01,1874,1,HR1,NA,53,244,39,69,6,1,0,19,1,1,4,2,,,,,4
murnati01,1874,1,PH1,NA,21,82,11,17,2,0,0,11,0,1,1,3,,,,,0
nelsoca01,1874,1,NY2,NA,65,297,55,73,7,5,0,31,6,0,9,5,,,,,0
oneal01,1874,1,HR1,NA,1,3,0,0,0,0,0,0,0,0,0,1,,,,,0
orourji01,1874,1,BS1,NA,70,331,82,104,15,8,5,61,11,2,4,5,,,,,2
paborch01,1874,1,PH2,NA,17,77,11,17,0,1,0,1,0,1,0,0,,,,,1
patteda01,1874,1,NY2,NA,1,5,1,2,0,0,0,2,0,0,0,0,,,,,0
pearcdi01,1874,1,BR2,NA,56,255,48,75,1,0,0,26,1,0,6,1,,,,,2
peterjo01,1874,1,CH2,NA,55,239,39,69,10,0,1,25,2,2,2,11,,,,,3
phelpne01,1874,1,NY2,NA,6,24,5,3,0,0,0,2,0,0,0,0,,,,,0
pikeli01,1874,1,HR1,NA,52,234,58,83,22,5,1,50,4,1,5,1,,,,,1
quinl01,1874,1,PH2,NA,1,4,0,1,0,0,0,1,0,0,0,0,,,,,0
radcljo01,1874,1,PH2,NA,23,103,20,25,7,0,1,14,1,1,2,0,,,,,0
reachal01,1874,1,PH1,NA,14,55,8,7,2,0,0,2,0,0,0,4,,,,,0
reedhu01,1874,1,BL1,NA,1,4,0,0,0,0,0,0,0,0,0,0,,,,,0
remseja01,1874,1,NY2,NA,64,284,52,65,9,3,2,38,6,0,0,5,,,,,0
revilhe01,1874,1,BL1,NA,1,4,0,0,0,0,0,0,0,0,0,0,,,,,0
ryanjo01,1874,1,BL1,NA,47,181,29,35,8,1,0,19,3,0,5,13,,,,,2
saylo01,1874,1,BL1,NA,18,66,4,14,3,0,0,5,0,0,0,1,,,,,1
schafha01,1874,1,BS1,NA,71,327,69,87,10,2,1,45,2,4,1,5,,,,,1
selmafr01,1874,1,BL1,NA,12,54,9,16,3,2,0,7,2,0,0,2,,,,,1
senseco01,1874,1,PH1,NA,5,16,3,3,0,0,0,2,0,0,0,0,,,,,0
shaffor01,1874,1,HR1,NA,9,35,6,8,0,0,1,3,0,0,0,4,,,,,0
shaffor01,1874,2,NY2,NA,1,5,1,1,0,0,0,0,0,0,0,0,,,,,0
smilebi01,1874,1,BL1,NA,2,7,0,0,0,0,0,0,0,0,0,0,,,,,0
smithjo01,1874,1,BL1,NA,6,21,2,4,1,0,0,1,0,0,0,1,,,,,0
snowch01,1874,1,BR2,NA,1,1,0,1,0,0,0,0,0,0,0,0,,,,,0
snydepo01,1874,1,BL1,NA,39,151,24,33,4,0,1,17,0,0,1,2,,,,,1
spaldal01,1874,1,BS1,NA,71,362,80,119,13,1,0,54,2,1,3,0,,,,,1
startjo01,1874,1,NY2,NA,63,306,67,96,13,3,2,46,5,0,4,0,,,,,1
stearbi01,1874,1,HR1,NA,33,132,16,21,1,0,0,11,0,0,7,10,,,,,2
suttoez01,1874,1,PH1,NA,55,243,54,71,10,3,0,28,6,4,0,2,,,,,1
sweasch01,1874,1,BL1,NA,8,33,2,8,0,0,0,4,0,0,2,0,,,,,0
sweasch01,1874,2,BR2,NA,10,44,4,5,1,0,0,3,0,0,0,0,,,,,0
tayloza01,1874,1,BL1,NA,13,48,3,12,0,0,0,3,0,0,0,1,,,,,0
tippeji01,1874,1,HR1,NA,45,197,36,60,8,0,0,19,0,1,1,7,,,,,0
treacfr01,1874,1,CH2,NA,35,148,18,28,5,0,0,12,4,4,2,6,,,,,2
westbi01,1874,1,BR2,NA,9,35,4,8,1,0,0,2,0,0,1,2,,,,,0
whitede01,1874,1,BS1,NA,70,352,75,106,5,7,3,52,1,1,5,0,,,,,5
whitewa01,1874,1,BL1,NA,45,211,21,57,1,0,0,17,1,0,2,2,,,,,0
wood01,1874,1,BL1,NA,1,5,0,0,0,0,0,0,0,0,0,1,,,,,0
wrighge01,1874,1,BS1,NA,60,313,76,103,10,15,2,44,2,0,5,6,,,,,1
wrighha01,1874,1,BS1,NA,40,184,44,58,4,2,2,27,1,0,4,3,,,,,0
yorkto01,1874,1,PH2,NA,50,224,36,56,4,7,0,37,1,0,5,4,,,,,1
zettlge01,1874,1,CH2,NA,57,244,26,47,7,0,0,18,0,0,1,5,,,,,4
abadijo01,1875,1,PH3,NA,11,45,3,10,0,0,0,4,1,0,0,3,,,,,0
abadijo01,1875,2,BR2,NA,1,4,1,1,0,0,0,1,0,0,0,0,,,,,0
addybo01,1875,1,PH2,NA,69,310,60,80,8,4,0,43,16,8,0,2,,,,,0
allisar01,1875,1,WS6,NA,26,112,18,24,3,1,0,3,6,0,1,2,,,,,2
allisar01,1875,2,HR1,NA,40,175,26,42,4,1,1,19,1,2,0,3,,,,,0
allisdo01,1875,1,HR1,NA,61,269,38,67,7,0,0,21,2,0,6,3,,,,,1
ansonca01,1875,1,PH1,NA,69,326,84,106,15,3,0,58,11,6,4,2,,,,,1
arundha01,1875,1,BR2,NA,1,4,0,0,0,0,0,0,0,0,0,0,,,,,0
banckst01,1875,1,NH1,NA,19,72,3,11,0,0,0,2,1,0,0,3,,,,,0
barloto01,1875,1,NH1,NA,1,5,1,1,0,0,0,0,0,0,0,0,,,,,0
barloto01,1875,2,BR2,NA,1,4,0,0,0,0,0,0,0,0,0,0,,,,,0
barnero01,1875,1,BS1,NA,78,393,115,143,20,4,1,58,29,6,7,3,,,,,0
barnibi01,1875,1,KEO,NA,10,36,3,4,1,0,0,2,0,0,0,3,,,,,0
barnibi01,1875,2,NY2,NA,9,34,1,5,0,0,0,1,0,0,1,0,,,,,0
battijo01,1875,1,SL2,NA,67,284,31,71,6,3,0,33,15,3,0,6,,,,,3
bealsto01,1875,1,BS1,NA,35,155,38,41,2,6,0,16,1,0,3,1,,,,,1
bechtge01,1875,1,PH3,NA,14,61,12,17,5,0,0,7,0,0,1,1,,,,,0
bechtge01,1875,2,PH1,NA,35,164,33,46,6,2,0,20,2,0,1,3,,,,,1
bielaos01,1875,1,CH2,NA,51,201,21,48,1,0,0,11,5,5,2,5,,,,,0
blongjo01,1875,1,SL1,NA,16,68,3,10,2,0,0,5,1,0,0,7,,,,,1
bolan01,1875,1,BR2,NA,1,4,0,0,0,0,0,0,0,0,0,0,,,,,0
bondto01,1875,1,HR1,NA,72,289,32,77,11,3,0,33,5,1,0,5,,,,,6
booth01,1875,1,NH1,NA,1,2,0,0,0,0,0,0,0,0,0,1,,,,,0
boothed01,1875,1,NY2,NA,68,281,33,56,3,4,0,18,4,3,0,2,,,,,3
bordejo01,1875,1,PH2,NA,7,28,3,3,0,0,0,1,0,0,0,1,,,,,0
boydbi01,1875,1,BR2,NA,36,151,14,44,11,0,1,10,0,0,1,0,,,,,0
bradlge01,1875,1,SL2,NA,60,254,28,62,7,3,0,24,3,3,1,19,,,,,2
brady01,1875,1,CH2,NA,1,4,1,1,0,1,0,0,0,0,0,0,,,,,0
bradyst01,1875,1,WS6,NA,21,91,7,13,0,0,0,3,5,0,0,4,,,,,1
bradyst01,1875,2,HR1,NA,1,4,0,0,0,0,0,0,0,0,0,1,,,,,0
brannmi01,1875,1,CH2,NA,2,9,2,1,0,0,0,0,2,0,0,0,,,,,0
brownol01,1875,1,BR2,NA,3,10,0,0,0,0,0,0,0,0,0,0,,,,,0
burdoja01,1875,1,HR1,NA,74,350,72,103,12,5,0,35,20,11,3,13,,,,,4
bushodo01,1875,1,BR2,NA,1,5,0,3,0,1,0,0,0,0,0,0,,,,,0
carbijo01,1875,1,KEO,NA,10,36,0,3,0,0,0,2,0,0,0,1,,,,,3
careyto01,1875,1,HR1,NA,86,382,63,101,6,2,0,38,13,3,1,3,,,,,1
cassijo01,1875,1,BR2,NA,41,166,14,29,3,2,1,6,0,0,0,4,,,,,1
cassijo01,1875,2,NH1,NA,6,22,3,3,1,0,0,1,0,1,0,1,,,,,1
chapmja01,1875,1,SL2,NA,43,195,28,44,5,3,0,30,4,1,1,7,,,,,3
clackbo01,1875,1,BR2,NA,17,59,1,6,0,0,0,1,0,0,0,3,,,,,0
clappjo01,1875,1,PH1,NA,60,292,65,77,8,7,0,39,9,5,7,1,,,,,2
clintji01,1875,1,BR2,NA,22,81,3,10,0,0,0,0,0,0,0,0,,,,,1
coonwi01,1875,1,PH1,NA,4,12,1,2,0,0,0,1,1,0,0,0,,,,,0
cranefr01,1875,1,BR2,NA,21,81,7,17,1,0,0,4,0,0,0,4,,,,,1
cravebi01,1875,1,PH3,NA,14,65,8,18,4,2,0,5,1,0,2,4,,,,,1
cravebi01,1875,2,PH1,NA,54,260,71,83,11,11,2,40,8,4,4,5,,,,,0
croftar01,1875,1,SL1,NA,19,75,5,15,3,0,0,2,5,1,0,2,,,,,0
crowlbi01,1875,1,PH2,NA,9,37,4,3,0,0,0,3,0,0,1,0,,,,,0
cummica01,1875,1,HR1,NA,53,221,30,44,7,2,0,15,1,0,3,11,,,,,0
cuthbne01,1875,1,SL2,NA,68,319,68,78,9,2,0,17,18,1,3,8,,,,,1
dailejo01,1875,1,WS6,NA,27,110,16,20,5,4,0,13,3,2,0,1,,,,,0
dailejo01,1875,2,BR2,NA,2,8,3,1,0,0,0,0,0,0,0,1,,,,,0
dehlmhe01,1875,1,SL2,NA,67,254,42,57,12,2,0,14,23,9,11,21,,,,,1
devliji01,1875,1,CH2,NA,69,318,60,92,17,6,0,40,6,1,4,4,,,,,1
dillojo01,1875,1,SL1,NA,1,1,0,0,0,0,0,0,0,0,0,0,,,,,0
dillopa01,1875,1,SL1,NA,3,13,1,3,1,0,0,1,0,0,0,0,,,,,0
dolele01,1875,1,NH1,NA,1,4,1,2,0,0,0,0,0,0,0,0,,,,,0
doschhe01,1875,1,WS6,NA,22,81,5,15,4,0,0,5,1,0,0,6,,,,,1
edwar01,1875,1,BR2,NA,1,5,1,1,0,0,0,0,0,0,0,0,,,,,0
eggleda01,1875,1,PH1,NA,66,295,66,89,13,7,0,33,6,5,1,10,,,,,0
ellicjo01,1875,1,SL1,NA,7,27,1,6,1,0,0,1,1,0,0,1,,,,,0
evans01,1875,1,NH1,NA,1,4,1,2,0,0,0,1,0,0,0,0,,,,,0
fergubo01,1875,1,HR1,NA,85,366,65,88,10,4,0,43,2,1,3,5,,,,,3
fieldsa01,1875,1,PH3,NA,3,11,2,1,0,0,0,0,0,0,0,0,,,,,0
fieldsa01,1875,2,WS6,NA,5,16,0,5,0,0,0,1,1,0,0,1,,,,,0
fishech01,1875,1,PH2,NA,41,177,26,41,3,1,0,11,4,3,1,6,,,,,3
fislewe01,1875,1,PH1,NA,58,268,54,74,13,3,0,31,1,4,4,4,,,,,0
fleetfr01,1875,1,SL2,NA,4,16,1,1,0,0,0,1,0,0,0,0,,,,,1
fleetfr01,1875,2,BR2,NA,26,111,13,25,2,0,0,9,0,0,1,1,,,,,1
flintsi01,1875,1,SL1,NA,17,61,4,5,0,0,0,1,2,0,1,10,,,,,0
foleywi01,1875,1,CH2,NA,3,12,0,3,1,0,0,1,0,0,0,2,,,,,0
forceda01,1875,1,PH1,NA,77,386,78,120,22,5,0,49,6,3,7,5,,,,,4
fulmech01,1875,1,PH2,NA,69,295,50,65,6,1,0,24,10,4,0,6,,,,,5
fulmewa01,1875,1,BR2,NA,1,4,1,2,0,0,0,1,0,0,0,0,,,,,0
galvipu01,1875,1,SL2,NA,13,46,8,6,2,1,0,2,3,0,0,1,,,,,1
gedneco01,1875,1,NY2,NA,68,267,30,55,12,2,0,17,2,3,0,8,,,,,0
geerbi01,1875,1,NH1,NA,37,164,20,40,4,1,0,9,2,2,1,4,,,,,2
gerhajo01,1875,1,NY2,NA,58,252,29,54,7,3,0,20,0,5,0,2,,,,,1
gilgahu01,1875,1,BR2,NA,2,8,2,2,0,0,0,0,0,0,0,0,,,,,0
gilmoji01,1875,1,WS6,NA,3,12,2,3,0,0,0,0,0,0,0,3,,,,,0
gilro01,1875,1,PH1,NA,2,6,0,1,0,0,0,0,0,0,0,0,,,,,0
glennjo01,1875,1,CH2,NA,69,308,46,75,8,0,0,27,10,2,3,6,,,,,2
goldemi01,1875,1,KEO,NA,13,46,6,6,0,0,0,1,0,0,0,3,,,,,0
goldemi01,1875,2,CH2,NA,39,155,16,40,3,0,0,14,3,2,2,10,,,,,0
goldsfr01,1875,1,NH1,NA,1,4,0,2,0,0,0,1,0,0,0,0,,,,,0
goldswa01,1875,1,KEO,NA,13,51,3,6,0,0,0,1,0,0,0,2,,,,,1
gouldch01,1875,1,NH1,NA,27,109,9,29,4,1,0,8,0,1,1,2,,,,,1
haguebi01,1875,1,SL2,NA,62,260,24,57,2,0,0,22,3,4,2,9,,,,,2
hallge01,1875,1,PH1,NA,77,358,71,107,10,12,4,62,8,5,3,4,,,,,1
halliji01,1875,1,KEO,NA,13,51,12,14,2,1,0,3,2,2,0,1,,,,,0
halliji01,1875,2,NY2,NA,44,203,29,58,6,3,3,21,2,2,1,2,,,,,1
hallji01,1875,1,KEO,NA,1,3,0,1,0,1,0,1,0,0,0,0,,,,,0
harbibi01,1875,1,HR1,NA,53,208,32,50,3,3,0,26,2,4,9,3,,,,,1
harriri01,1875,1,NH1,NA,1,4,0,2,1,0,0,1,0,1,0,0,,,,,0
hastisc01,1875,1,CH2,NA,65,287,43,73,9,0,0,30,13,11,9,14,,,,,1
hatfijo01,1875,1,NY2,NA,1,4,1,2,1,0,0,1,0,0,0,0,,,,,0
hautzch01,1875,1,SL1,NA,19,83,5,25,3,0,0,4,5,1,0,9,,,,,0
heifefr01,1875,1,BS1,NA,11,50,11,14,0,3,0,5,0,0,0,0,,,,,0
helli01,1875,1,BR2,NA,1,4,0,1,0,0,0,0,0,0,0,0,,,,,0
hicksna01,1875,1,NY2,NA,62,269,32,67,10,0,0,22,1,0,2,10,,,,,2
highadi01,1875,1,CH2,NA,42,208,44,49,5,3,0,12,6,2,0,0,,,,,3
highadi01,1875,2,NY2,NA,15,64,12,25,5,0,0,10,0,0,0,1,,,,,0
hinespa01,1875,1,CH2,NA,68,308,45,101,14,4,0,36,6,9,1,0,,,,,1
holdsji01,1875,1,NY2,NA,71,324,45,92,12,1,0,23,3,3,1,3,,,,,1
holliho01,1875,1,WS6,NA,19,81,8,20,1,1,0,5,2,1,1,2,,,,,0
jonesch01,1875,1,KEO,NA,12,47,4,13,2,4,0,10,1,1,0,5,,,,,0
jonesch01,1875,2,HR1,NA,1,4,1,0,0,0,0,0,0,0,0,1,,,,,0
keenaji01,1875,1,NH1,NA,5,13,1,1,0,0,0,0,0,0,0,0,,,,,0
keerlge01,1875,1,CH2,NA,6,23,2,3,0,0,0,3,0,0,0,2,,,,,0
kesslhe01,1875,1,BR2,NA,25,105,17,26,2,0,0,7,0,2,1,2,,,,,0
knighge01,1875,1,NH1,NA,1,4,0,0,0,0,0,0,0,0,0,0,,,,,0
knighlo01,1875,1,PH1,NA,13,47,5,6,2,0,0,2,2,0,0,2,,,,,0
knowdja01,1875,1,BR2,NA,43,163,17,32,2,0,0,9,0,1,1,3,,,,,0
lathaju01,1875,1,BS1,NA,16,78,23,21,4,0,0,13,0,0,0,2,,,,,0
lathaju01,1875,2,NH1,NA,20,76,6,15,1,0,0,5,6,0,0,4,,,,,0
leonaan01,1875,1,BS1,NA,80,396,87,127,14,6,1,74,14,8,2,6,,,,,1
lovetle01,1875,1,PH3,NA,6,21,2,5,1,0,0,2,0,0,1,5,,,,,0
lowryjo01,1875,1,WS6,NA,6,22,2,3,0,0,0,0,0,1,1,0,,,,,0
luffhe01,1875,1,NH1,NA,38,166,15,45,10,3,2,18,3,3,0,5,,,,,3
malonfe01,1875,1,PH2,NA,29,123,15,28,2,1,0,10,1,0,1,2,,,,,0
mannija01,1875,1,BS1,NA,77,348,71,94,11,3,1,46,5,5,2,9,,,,,3
martial01,1875,1,BR2,NA,6,26,1,3,0,0,0,1,0,0,0,0,,,,,0
masonch01,1875,1,PH3,NA,12,47,5,11,0,0,0,3,0,0,0,1,,,,,0
masonch01,1875,2,WS6,NA,8,33,2,3,0,0,0,1,0,0,0,3,,,,,0
mathebo01,1875,1,NY2,NA,70,264,23,48,6,2,0,15,1,2,2,5,,,,,4
mcbridi01,1875,1,PH1,NA,60,270,42,73,9,0,0,45,2,1,4,5,,,,,2
mcclobi01,1875,1,WS6,NA,11,40,1,7,0,0,0,4,0,1,1,2,,,,,0
mcgeami01,1875,1,PH2,NA,68,310,71,90,6,2,0,37,19,4,1,1,,,,,0
mcgeepa01,1875,1,NY2,NA,25,95,4,17,2,0,0,9,0,0,0,10,,,,,1
mcgeepa01,1875,2,BR2,NA,18,65,3,10,3,1,0,5,0,0,1,4,,,,,1
mcginti01,1875,1,PH3,NA,13,52,5,12,0,1,0,5,0,0,0,4,,,,,0
mcginti01,1875,2,NH1,NA,32,131,13,36,3,1,0,10,1,1,0,7,,,,,0
mckeljo01,1875,1,NH1,NA,43,188,26,43,3,1,0,10,3,1,5,8,,,,,1
mcmuljo01,1875,1,PH2,NA,54,222,33,57,9,4,2,19,6,10,5,12,,,,,0
mcsortr01,1875,1,SL1,NA,15,52,4,11,0,0,0,2,3,0,0,3,,,,,1
mcveyca01,1875,1,BS1,NA,82,389,89,138,36,9,3,87,7,0,1,5,,,,,0
metcaal01,1875,1,NY2,NA,8,32,2,7,0,0,0,1,2,0,0,3,,,,,0
meyerle01,1875,1,PH2,NA,68,301,55,95,14,8,1,54,7,2,0,2,,,,,0
millejo01,1875,1,KEO,NA,13,50,4,6,1,0,0,0,0,0,0,3,,,,,2
millejo01,1875,2,CH2,NA,15,54,1,8,0,0,0,1,0,0,0,7,,,,,0
milleto01,1875,1,SL2,NA,56,214,18,35,2,0,0,12,2,0,1,8,,,,,2
millsev01,1875,1,HR1,NA,80,342,59,89,8,4,1,48,6,4,0,3,,,,,3
mooremo01,1875,1,BR2,NA,21,86,5,19,4,0,0,5,0,1,0,4,,,,,1
morgapi01,1875,1,SL1,NA,19,69,11,18,4,0,0,1,2,1,5,4,,,,,0
munnho01,1875,1,BR2,NA,1,4,0,0,0,0,0,0,0,0,0,0,,,,,0
murnati01,1875,1,PH2,NA,69,313,71,85,5,0,1,30,30,9,7,7,,,,,0
nelsoca01,1875,1,NY2,NA,70,276,28,55,7,1,0,23,4,2,9,0,,,,,2
nichoal01,1875,1,BR2,NA,32,131,4,20,2,0,0,9,0,0,0,6,,,,,0
nichotr01,1875,1,NH1,NA,34,119,12,23,0,2,0,5,5,0,0,2,,,,,0
oneilj01,1875,1,BR2,NA,7,26,3,2,0,0,0,1,0,1,1,1,,,,,0
oranto01,1875,1,SL1,NA,19,81,7,15,3,1,0,10,3,2,1,1,,,,,0
orourji01,1875,1,BS1,NA,75,358,97,106,13,7,6,72,17,5,9,6,,,,,2
paborch01,1875,1,BR2,NA,42,153,14,36,2,2,0,11,0,0,1,1,,,,,2
paborch01,1875,2,NH1,NA,6,23,4,8,0,2,0,2,0,0,0,1,,,,,0
parksbi01,1875,1,WS6,NA,27,111,13,20,0,0,0,6,1,1,1,1,,,,,0
parksbi01,1875,2,PH2,NA,2,6,0,1,0,0,0,0,0,0,0,1,,,,,0
patteda01,1875,1,BR2,NA,12,45,4,9,0,0,0,4,1,0,0,0,,,,,0
pearcdi01,1875,1,SL2,NA,70,311,51,77,6,3,0,29,8,3,7,7,,,,,0
peterjo01,1875,1,CH2,NA,69,297,40,85,16,2,0,34,12,6,0,3,,,,,0
phelpne01,1875,1,NY2,NA,2,6,1,2,1,0,0,0,0,0,0,1,,,,,0
pikeli01,1875,1,SL2,NA,70,312,61,108,22,12,0,44,25,10,3,8,,,,,1
quinnpa01,1875,1,BR2,NA,2,8,2,1,0,0,0,0,0,0,0,0,,,,,0
quinnpa02,1875,1,KEO,NA,11,43,4,14,1,0,0,5,0,1,0,1,,,,,0
quinnpa02,1875,2,HR1,NA,5,13,1,3,0,0,0,1,0,1,1,3,,,,,0
quinnpa02,1875,3,CH2,NA,17,61,12,14,0,0,0,1,1,1,0,2,,,,,0
radcljo01,1875,1,PH3,NA,5,23,2,4,0,0,0,0,0,0,1,0,,,,,0
reachal01,1875,1,PH1,NA,3,14,4,4,1,0,0,1,2,1,0,0,,,,,0
redmobi01,1875,1,SL1,NA,19,82,12,16,2,0,0,1,3,0,2,7,,,,,0
remseja01,1875,1,HR1,NA,86,358,70,96,10,4,0,34,6,3,5,4,,,,,2
resslla01,1875,1,WS6,NA,27,108,17,21,1,0,0,5,4,0,0,4,,,,,0
rextewi01,1875,1,BR2,NA,1,4,0,0,0,0,0,0,0,0,0,0,,,,,0
richmjo01,1875,1,PH1,NA,29,125,29,25,2,0,0,12,1,0,1,4,,,,,0
rileybi01,1875,1,KEO,NA,8,33,4,5,1,0,0,1,0,0,1,1,,,,,0
rocapad01,1875,1,PH1,NA,16,69,13,12,1,0,0,4,3,2,1,7,,,,,0
ryanjo01,1875,1,NH1,NA,37,146,17,23,2,2,0,8,10,4,3,12,,,,,0
saylo01,1875,1,WS6,NA,11,38,4,10,0,0,0,2,0,0,0,7,,,,,0
schafha01,1875,1,BS1,NA,52,222,49,64,9,0,0,17,3,2,1,8,,,,,2
selmafr01,1875,1,WS6,NA,1,3,0,1,0,0,0,0,0,0,0,0,,,,,0
sewarge01,1875,1,SL2,NA,25,96,12,24,2,0,0,8,1,0,1,1,,,,,0
shaff01,1875,1,BR2,NA,1,4,0,0,0,0,0,0,0,0,0,0,,,,,0
shaffor01,1875,1,PH2,NA,19,70,10,17,2,1,0,6,2,0,0,4,,,,,0
sheri01,1875,1,BR2,NA,1,4,0,0,0,0,0,0,0,0,0,1,,,,,0
simmojo01,1875,1,KEO,NA,13,53,5,9,1,0,0,4,1,2,0,2,,,,,0
smithjo01,1875,1,NH1,NA,1,3,0,0,0,0,0,0,0,0,1,0,,,,,0
smithto01,1875,1,BR2,NA,3,13,0,1,0,0,0,1,0,0,0,0,,,,,0
snydepo01,1875,1,PH2,NA,66,263,38,64,8,2,1,25,3,8,4,4,,,,,2
somered01,1875,1,PH3,NA,14,57,6,13,3,0,0,6,1,0,1,3,,,,,1
somered01,1875,2,NH1,NA,33,136,14,29,5,0,0,7,1,2,1,3,,,,,0
spaldal01,1875,1,BS1,NA,74,343,68,107,15,3,0,56,2,2,3,3,,,,,0
startjo01,1875,1,NY2,NA,69,314,58,90,10,5,4,30,1,4,3,0,,,,,0
stearbi01,1875,1,WS6,NA,21,78,9,20,0,0,0,7,0,1,1,4,,,,,0
stevero01,1875,1,WS6,NA,1,4,0,1,0,0,0,0,0,0,0,0,,,,,0
stodd01,1875,1,BR2,NA,2,9,1,1,1,0,0,0,0,0,0,1,,,,,0
sulli01,1875,1,NH1,NA,2,8,3,3,0,0,0,2,1,0,0,1,,,,,0
suttoez01,1875,1,PH1,NA,75,358,83,116,11,7,1,59,13,10,1,3,,,,,3
sweasch01,1875,1,SL1,NA,19,76,7,13,1,0,0,4,2,4,3,1,,,,,1
terry01,1875,1,WS6,NA,6,22,0,4,0,1,0,2,0,0,0,1,,,,,0
thompfr01,1875,1,BR2,NA,1,5,1,2,0,0,0,1,0,0,0,0,,,,,0
thompfr01,1875,2,WS6,NA,11,41,3,4,0,1,0,3,0,0,0,1,,,,,0
tippeji01,1875,1,NH1,NA,41,159,10,25,1,0,0,4,1,0,1,6,,,,,2
treacfr01,1875,1,PH3,NA,11,46,9,12,3,0,0,2,1,0,2,0,,,,,0
treacfr01,1875,2,PH2,NA,43,179,23,38,3,3,0,15,6,3,1,3,,,,,3
trenwge01,1875,1,PH3,NA,10,45,5,8,2,0,0,4,0,0,1,2,,,,,0
trenwge01,1875,2,NH1,NA,6,25,1,6,2,0,0,3,0,0,0,1,,,,,0
waittch01,1875,1,SL2,NA,30,113,14,23,10,0,0,12,3,2,2,7,,,,,1
walkeos01,1875,1,BR2,NA,1,2,0,0,0,0,0,0,0,0,1,0,,,,,1
warnefr01,1875,1,PH3,NA,14,57,11,14,4,0,0,2,0,0,1,2,,,,,0
waterfr01,1875,1,CH2,NA,5,20,2,6,0,0,0,3,0,1,0,2,,,,,0
weavesa01,1875,1,PH2,NA,1,4,1,1,1,0,0,1,0,0,0,0,,,,,0
whitede01,1875,1,BS1,NA,80,371,76,136,23,3,1,60,2,3,3,2,,,,,2
whitewa01,1875,1,CH2,NA,69,287,37,71,9,0,0,23,5,10,0,3,,,,,3
withech01,1875,1,WS6,NA,1,1,0,0,0,0,0,0,0,0,0,0,,,,,0
wrighge01,1875,1,BS1,NA,79,408,106,136,20,7,2,61,13,6,2,6,,,,,0
wrighha01,1875,1,BS1,NA,1,4,1,1,0,0,0,0,0,0,0,1,,,,,0
wrighsa01,1875,1,NH1,NA,33,127,10,24,4,0,0,5,1,0,1,1,,,,,0
yorkto01,1875,1,HR1,NA,86,375,68,111,14,7,0,37,7,3,3,6,,,,,1
zettlge01,1875,1,CH2,NA,32,133,7,29,0,0,0,9,0,0,0,5,,,,,2
zettlge01,1875,2,PH2,NA,21,83,10,15,0,0,0,6,1,0,0,7,,,,,2
addybo01,1876,1,CHN,NL,32,142,36,40,4,1,0,16,,,5,0,,,,,
allisar01,1876,1,LS1,NL,31,130,9,27,2,1,0,10,,,2,6,,,,,
